City,Receiver Count
New Christopher,3
Spencermouth,2
Moorechester,2
Lake Mary,2
Smithshire,2
Lake Daniel,2
Kellybury,2
Greenton,2
North Lori,2
West James,2
North Christina,2
Davidmouth,2
Allenmouth,2
Stevenmouth,2
Emilymouth,2
Ashleyborough,2
New Derek,2
Williamsfort,2
Port Samantha,2
Longmouth,2
Port Richard,2
Lake Rebeccaton,2
Jenniferbury,2
Brandonhaven,2
Christopherchester,2
West Richard,2
Sarahaven,2
Phillipston,2
Robertton,2
Josephton,2
Markfurt,2
South Mark,2
East Michael,2
Port Carlburgh,1
Lewisburgh,1
South Randalltown,1
South Shaneville,1
Bakerport,1
East Sharimouth,1
South Edwinborough,1
Benjaminburgh,1
West Robert,1
Wrightland,1
South Gregorymouth,1
Katherineside,1
Lake Matthewstad,1
Burkeside,1
Port Ronald,1
Port Tara,1
Silvaport,1
Moranhaven,1
North Cynthiaberg,1
Sandrahaven,1
Jonesside,1
Lake Nicole,1
Aliciabury,1
Monicafort,1
Lake Elizabeth,1
Port Matthewmouth,1
Susanfurt,1
Courtneyfurt,1
Lake Kendra,1
North Heather,1
Taylorfort,1
Walshfort,1
North Robert,1
South Rachaelhaven,1
Olsonville,1
West Erik,1
Josephview,1
West Carrie,1
Port Kellyburgh,1
Port Dawntown,1
Amberfort,1
Davisborough,1
South Laurachester,1
East Teresahaven,1
East Saraport,1
South Tonyaborough,1
North Sarah,1
Port Johnchester,1
Hornemouth,1
Tomburgh,1
Higginsmouth,1
Larastad,1
Jasonshire,1
New Mary,1
Michaelton,1
Phillipborough,1
South Kathleenbury,1
North Catherinefurt,1
East William,1
North Darinshire,1
Port Belinda,1
West Jaclyn,1
Strongshire,1
Edwardburgh,1
East Dylan,1
Gregoryville,1
New Gloriaburgh,1
West Angelatown,1
Christineton,1
Laurafurt,1
Manningtown,1
North Jenniferside,1
North David,1
Marshallton,1
Angelaville,1
Knightburgh,1
Port Gregoryport,1
Evansside,1
Davidview,1
East Kelli,1
Lake John,1
West Ronaldland,1
Robinsonside,1
Garrettborough,1
Alexatown,1
New Jessica,1
Laurafort,1
Carterside,1
South Veronicaburgh,1
Henryhaven,1
Russellville,1
Robertaborough,1
Hollytown,1
North Matthewhaven,1
West Justin,1
North Joshuafort,1
North Pamela,1
Lake Rebecca,1
Port Elizabethton,1
East Josephstad,1
Theresamouth,1
Lake Michaelton,1
West Johnny,1
Michaeltown,1
Georgeborough,1
Meganton,1
Scottmouth,1
Port Teresa,1
East Heatherborough,1
South Franciscoport,1
Deanview,1
Kennethberg,1
Ayalamouth,1
Port Patriciachester,1
South Alexandraport,1
Meghanfort,1
Campbellchester,1
North Roger,1
New Benjamin,1
Drakeburgh,1
Marieview,1
Jeffhaven,1
South Jasonberg,1
Marcusberg,1
Huntermouth,1
New Elaine,1
Bakerfort,1
Phillipsbury,1
Dawnview,1
Wilsonfort,1
Nancyshire,1
North Paul,1
Tanyachester,1
Joshuamouth,1
New Shannonbury,1
North Amandafort,1
Danielfort,1
New Aimeemouth,1
Caseyland,1
Williamtown,1
Lake Victoriaport,1
Patriciaton,1
Jacobsmouth,1
Charleston,1
South Ashley,1
Lisaton,1
South Jill,1
Mcclurestad,1
Amandaville,1
Daleshire,1
Heatherfurt,1
East Sarahtown,1
Ginamouth,1
West Shawn,1
East Timhaven,1
Nguyenfurt,1
Port Erica,1
Joanchester,1
Thomaston,1
West Courtneyport,1
Smithstad,1
New Tiffany,1
Nicoleport,1
Robertsonchester,1
Port Emilymouth,1
West Krystalview,1
Peterhaven,1
Seanside,1
Thomasland,1
Port Melissa,1
Lake Amanda,1
Heathertown,1
Lake Erica,1
Angelicatown,1
Maxberg,1
North Shelby,1
New Seanburgh,1
Toddborough,1
Figueroaport,1
Shawmouth,1
New Jason,1
Port Dustin,1
East Tinamouth,1
East Teresamouth,1
East Sharon,1
East Jillian,1
Corybury,1
North Mario,1
North Lindachester,1
West Casey,1
Ramseystad,1
South Kendraville,1
Andrewmouth,1
Steveberg,1
South Anna,1
Baileyville,1
New Roseville,1
Port Stephen,1
West Amybury,1
New Daniel,1
Lake Austinmouth,1
Dantown,1
Robinsonland,1
West Aaronport,1
Hallside,1
East Jacob,1
West Jessica,1
Fergusonton,1
Port Maria,1
Singletonview,1
Bushview,1
Poolestad,1
Port Brianville,1
Davidshire,1
Port Ericmouth,1
Lake Julia,1
Rogerburgh,1
West Josephshire,1
Davisburgh,1
North Kimberlyport,1
Edwardsside,1
Wilsonfurt,1
Garciaview,1
West Vickie,1
Carolhaven,1
New Craig,1
Lake Darrellburgh,1
Aaronshire,1
New Abigail,1
Lake Kelli,1
Jenniferberg,1
Martinland,1
New Julian,1
West Christiantown,1
New Tina,1
Christopherland,1
South Amy,1
Barnesport,1
Lake Jessicaborough,1
East Moniquemouth,1
East John,1
West Johnmouth,1
West Kelly,1
Murrayview,1
Bauerton,1
Dylanton,1
Monicaton,1
East Ashleyshire,1
Brianchester,1
Autumnbury,1
East Williamborough,1
Brandonside,1
West Christopher,1
Port Jessica,1
Port Samanthamouth,1
Lake Christychester,1
Lake Stephenport,1
Isaiahtown,1
Dustinfurt,1
Stephaniechester,1
Castilloland,1
Burnettton,1
Susanview,1
Lake Tina,1
Hannahside,1
North Josephland,1
Shermantown,1
East Bryan,1
Jamesstad,1
East Dale,1
Lake Michael,1
Aguilarstad,1
Marksmouth,1
Alexanderbury,1
North Alexander,1
Melissaport,1
Millerport,1
Edwardshaven,1
Kellyville,1
Calebview,1
North Patriciamouth,1
Cynthiashire,1
New Julia,1
New Sara,1
Geraldchester,1
Schaeferfort,1
North Kimberlyfort,1
Haleymouth,1
West Aaronberg,1
Meganmouth,1
Lake Glenview,1
Danielborough,1
Andersenfort,1
North Williamview,1
South Bethanyport,1
North Ashleymouth,1
New Sarahmouth,1
Thompsonhaven,1
South Amybury,1
East Gina,1
Melissaview,1
New Justinhaven,1
Edwardfort,1
North Bruce,1
Reidton,1
Hammondfort,1
Chaseview,1
Lake Melindaside,1
Victoriastad,1
East Lisafurt,1
South Michelleshire,1
Thomasberg,1
Gomezmouth,1
New William,1
Murphyfort,1
Melindaview,1
Priceborough,1
Rushfurt,1
East Joseph,1
Maryfort,1
Angelamouth,1
Juliastad,1
Lake Lesliemouth,1
Lake Dillonborough,1
Swansonport,1
West Jeffrey,1
West Dan,1
North Nicole,1
Johnland,1
North Jamesfurt,1
New Corey,1
South John,1
Jaredport,1
West Matthewborough,1
Duncanchester,1
Paulmouth,1
Port Dean,1
South Barbaraburgh,1
Port Brandonberg,1
Port Johnstad,1
Lake Stevenburgh,1
Jamieview,1
Leeton,1
Lawrencechester,1
Lake Cory,1
Lake Ryan,1
Reevestown,1
Perezport,1
West Tina,1
North Michelle,1
Kellyfurt,1
Tiffanyport,1
Lisafurt,1
Rachelberg,1
Lake Jonathanchester,1
New Brandonton,1
Lake Clinton,1
Gordonstad,1
West Jorge,1
Sarahville,1
Sherryhaven,1
New Amy,1
Bergerport,1
Port Carmen,1
West Donnaton,1
West Randall,1
Lake Matthew,1
North Manuel,1
New Deborahville,1
New Kevin,1
Chambersmouth,1
Lake Crystal,1
Clarkhaven,1
Morganville,1
North Abigail,1
West Mikayla,1
Port Dianemouth,1
New Natalieland,1
Lake Laurenburgh,1
Christinaland,1
Rayfurt,1
North Holly,1
Port Thomasstad,1
Josephborough,1
Jonathanview,1
South Tyler,1
South Edwardburgh,1
Lewisfort,1
Chadport,1
Rosaleschester,1
Lake Steven,1
Lake Karen,1
Russellburgh,1
Pagemouth,1
East Douglas,1
East Melissaport,1
Lake Kyleside,1
South Connorview,1
Martinezside,1
Robertsport,1
West Rogerview,1
Lake Joshuaville,1
North Margarethaven,1
Troyshire,1
West Cherylland,1
Port Sara,1
Port Michaelmouth,1
Coreymouth,1
North Kathryn,1
Port Deborahbury,1
Mikemouth,1
New Timothymouth,1
Port Jenniferborough,1
New Rebecca,1
Hollyside,1
Port Judith,1
Davidport,1
Cruzborough,1
Port Deborah,1
Lake Christina,1
Sandratown,1
East Andrewhaven,1
Powerston,1
West Justinberg,1
Edwardport,1
Lake Adriennechester,1
North Jeffreychester,1
Bushbury,1
Chrisport,1
South William,1
East Daniel,1
Heatherhaven,1
Johnsonberg,1
North Robinville,1
North Kimberlyland,1
Port Dominique,1
Port Sarah,1
Bobbyfort,1
East Ginafort,1
Castilloshire,1
West Aliciaburgh,1
Lake Mitchellbury,1
South Davidstad,1
New Michaelport,1
Andersonview,1
Port Gregory,1
Port Jason,1
New Dustin,1
West Jeffreyfurt,1
Jessicatown,1
Port Brandon,1
Rodriguezborough,1
South Steven,1
Lake Rachelburgh,1
Brooksmouth,1
Christophertown,1
Langburgh,1
Proctorville,1
Port Derekland,1
Port Chaseport,1
Huynhmouth,1
Gilbertborough,1
Connerland,1
Lewismouth,1
Matthewhaven,1
Bradleyland,1
Port Margaretport,1
Carlosfurt,1
Susanville,1
Huffmouth,1
Lake Gloria,1
Pittsville,1
Olsonland,1
Robertview,1
Turnerhaven,1
New Travisland,1
Stephanieberg,1
Paynestad,1
Lisaborough,1
Carolinebury,1
East Cynthiahaven,1
Port Angelafurt,1
Ramirezhaven,1
Rebeccaview,1
Darinland,1
East Peter,1
New Robert,1
West Jacquelineland,1
Diazshire,1
Paulaburgh,1
South Michaelfurt,1
New Michael,1
Anthonyport,1
Christinahaven,1
Port Michaelport,1
Carterton,1
Vasquezberg,1
East Davidbury,1
Shelbyland,1
Ashleeside,1
Jacobmouth,1
Port Traci,1
Port Kristinechester,1
Lake Lance,1
South Donaldshire,1
Gonzalezstad,1
New Alexismouth,1
South Eric,1
West Alexandra,1
Shaneport,1
Adamland,1
Ortizmouth,1
Woodsfurt,1
Kingville,1
Rayberg,1
Brownville,1
South Meganland,1
Hallton,1
West Kevin,1
Randyville,1
Pottertown,1
East Jordanborough,1
East Kimberlymouth,1
North Michaelville,1
Roberttown,1
South Yolanda,1
Port Todd,1
North Hollyland,1
Murrayside,1
Port Courtneyland,1
Barreratown,1
Hollandburgh,1
East Stephenton,1
Lake Cody,1
South Elizabeth,1
Port Paulaton,1
North Sherribury,1
Hunterbury,1
Lake Gregory,1
Whiteside,1
Lisaview,1
North Nathanville,1
North Raymond,1
Mooreburgh,1
Beckville,1
South Gabrielmouth,1
North Lisaburgh,1
North Christopher,1
West Mariashire,1
West Carrieberg,1
Jonesland,1
Ariasbury,1
South Yvettestad,1
New Tammyhaven,1
Biancaton,1
Kinghaven,1
New Christopherburgh,1
Butlerborough,1
East Nathan,1
Nicoleside,1
Mcfarlandhaven,1
South Nicoleberg,1
New Carrie,1
Mcdanielmouth,1
Patriciamouth,1
North Tiffanyfort,1
South Waynefurt,1
Robertside,1
New Kellytown,1
Shelleyburgh,1
Andersonland,1
Nguyenview,1
West Danielview,1
Mendozabury,1
Kimberlyview,1
Keithstad,1
East Heatherbury,1
Stephenchester,1
Port David,1
East Nicole,1
Morenoborough,1
Vancebury,1
New Daryl,1
North Marcusbury,1
Perezhaven,1
Johnville,1
Blakehaven,1
West Garretthaven,1
Moralesfort,1
Cameronfurt,1
Anthonystad,1
East Antoniobury,1
New Ryanmouth,1
Melaniehaven,1
Fowlerburgh,1
Robertfurt,1
West Juanchester,1
South Lucasview,1
Johnsonville,1
West Troyview,1
Port Timothymouth,1
North Michael,1
Port Mariemouth,1
Fernandezberg,1
Michealstad,1
Port Peggyshire,1
Port Maryshire,1
South Anthonyside,1
Kempstad,1
Kenthaven,1
Petersonmouth,1
Port Shannonhaven,1
Toddstad,1
Jensenland,1
Davidland,1
Rogersfort,1
Sharpfurt,1
Chenview,1
Port Seanshire,1
Goodmanfort,1
Brooksborough,1
New Mark,1
South Jasminechester,1
South Shirleymouth,1
Richardton,1
Jeanshire,1
Karenfort,1
Taylorport,1
Ellisborough,1
Port Joshua,1
East Sheenahaven,1
North Erikhaven,1
East Tiffanyview,1
Lake Sheilaland,1
Wardshire,1
Christinehaven,1
Joshuahaven,1
Nelsonbury,1
New James,1
West Amandaport,1
Changview,1
Davidtown,1
New Shauntown,1
East Emily,1
West Monica,1
South Marymouth,1
West Brittany,1
Bruceburgh,1
Sarahside,1
East Nathanstad,1
Lake Kevinport,1
New Frederickfort,1
South Jason,1
New Stephanie,1
Nicholsonland,1
Lovestad,1
Mercerport,1
Port Terry,1
North Amanda,1
Lake Douglas,1
Lake Tracytown,1
Shortfort,1
Port Amberfurt,1
East Stephaniefort,1
Nicoleberg,1
Heatherburgh,1
New Brandyhaven,1
East Tasha,1
New Matthewton,1
Victorton,1
Port Marc,1
Kimberlymouth,1
Port Curtisside,1
South Jenniferburgh,1
South Richard,1
Perryton,1
Reedview,1
Cummingschester,1
Lake Catherine,1
West Bradley,1
East Jamesmouth,1
Garciashire,1
West David,1
Danielsview,1
Lake Heatherberg,1
South Lindsay,1
Wilsonshire,1
South Williamview,1
Moralesburgh,1
North Vanessamouth,1
South Edward,1
Leahchester,1
Aguilarbury,1
New Sean,1
South Samanthaburgh,1
Lake Michelle,1
North Danielchester,1
South Theresaberg,1
Hardyberg,1
Brittanyborough,1
Deanstad,1
East Stevenborough,1
Sandovalmouth,1
Oliverberg,1
Buchananton,1
Grahambury,1
East Julietown,1
Lake Kimberlyton,1
Cookhaven,1
New Jesus,1
Wagnerburgh,1
Danielfurt,1
West Victoriaberg,1
South Jessicaburgh,1
Donnamouth,1
Ronaldmouth,1
Diazbury,1
Melissaberg,1
North Mallorystad,1
Jeffreyland,1
Reginaburgh,1
East Janetstad,1
New Phillipfurt,1
Josephfurt,1
Brownport,1
Port Gabrielleborough,1
Zacharyview,1
Hansonfurt,1
West Carrieport,1
Port Caleb,1
Deanfort,1
Princehaven,1
Andersonfort,1
North Andresport,1
South Jamesfort,1
Danielland,1
Westport,1
East Josephview,1
Brownbury,1
West Meganmouth,1
Lake Lindseystad,1
Theresabury,1
South Michelleport,1
Lisabury,1
Josephside,1
Harrisfurt,1
East Daisybury,1
Westshire,1
Shawhaven,1
Comptonside,1
Maryside,1
North Dawn,1
South Sheryl,1
Martinchester,1
Andreaberg,1
Delgadofort,1
West Jacob,1
Davisport,1
East Mark,1
East Amandaberg,1
Cruzland,1
New Olivia,1
West Jacquelinefort,1
North Tanner,1
Michaelside,1
Scottbury,1
Lake Christian,1
New Kimberly,1
Ginaview,1
West Josephland,1
Lauratown,1
South Lisa,1
West John,1
West Michaelton,1
North Kelly,1
South Mirandamouth,1
Amandaburgh,1
New Laura,1
Halltown,1
Lake Dustin,1
Ramosberg,1
Johnsonchester,1
Meganburgh,1
Taraside,1
Ellisshire,1
Bradfurt,1
Wyattton,1
Port Williamtown,1
Crawfordchester,1
Lorifurt,1
Collierburgh,1
New Larryshire,1
Lake Kaylamouth,1
Lake Stephenchester,1
Cookstad,1
Kirkfort,1
Poolebury,1
New Erikamouth,1
Billyland,1
South Craigborough,1
Lake Joshuabury,1
Pooleside,1
New Dakotahaven,1
West Lindseyside,1
North Shawnastad,1
North Amy,1
Natalieside,1
Annaborough,1
Port Philipmouth,1
East Shirley,1
New Donnahaven,1
Jamesview,1
North Nicholasborough,1
Port Robertmouth,1
South Emily,1
North Ricardo,1
Tylermouth,1
Rodneyport,1
New Jeffreyhaven,1
North Josephmouth,1
East Robert,1
Allenborough,1
Fernandezchester,1
Birdview,1
West Sara,1
Jamesborough,1
North Haleyhaven,1
Lake Williamhaven,1
Jarvisshire,1
New Adrian,1
West Barry,1
New Loriberg,1
East Michaelview,1
Grossport,1
East Kevinberg,1
Dawsonberg,1
New Juliaton,1
Franklinview,1
East Travis,1
Payneland,1
New Melanie,1
Lake Shawn,1
Rubioborough,1
Lake Brandibury,1
Jessicaland,1
Williamsborough,1
Kennethmouth,1
Woodardview,1
South Alanville,1
Ianland,1
East Kevin,1
Jenkinsfurt,1
West Davidview,1
Lake Victoriaton,1
Kelleystad,1
Darinview,1
North Janetland,1
West Donaldmouth,1
East Sheriton,1
Gloriaview,1
Carlostown,1
Mathistown,1
Dunnbury,1
South Michael,1
South Mary,1
West Paulfort,1
Erikashire,1
Riverafort,1
Port Douglasland,1
Port Jonathanton,1
Hayesfort,1
Lake Brandonborough,1
Elizabethberg,1
South Heather,1
Rodneyborough,1
New Jessicabury,1
New Melindashire,1
Caitlynhaven,1
North Lawrence,1
East Debramouth,1
West Ashleymouth,1
North Lydiaberg,1
Delacruzborough,1
Robertville,1
Gilbertfurt,1
Port Jonathanhaven,1
Nathanstad,1
Jacquelineshire,1
Kennethside,1
Greenville,1
Oneillland,1
Suzanneton,1
Myerstown,1
West Dustinberg,1
North Stephanieborough,1
Johnhaven,1
Davisfort,1
Port Thomas,1
Lake Larryborough,1
Port Cindyberg,1
Mariefurt,1
Bennettton,1
South Benjamin,1
Mayburgh,1
Lauraport,1
Patrickfort,1
North Joshua,1
Amandafurt,1
Clarkton,1
South Paul,1
Lake Sonya,1
Teresastad,1
Carrborough,1
Port Cody,1
Gutierrezmouth,1
North Jacobhaven,1
Travishaven,1
Rodneyfurt,1
South Jamie,1
East Renee,1
Nielsenberg,1
North Laura,1
Thomasport,1
Jessicaburgh,1
Port Johnside,1
Matthewmouth,1
Port Kellifort,1
Andrewsport,1
Lanechester,1
New Steven,1
South Sandra,1
Lake Jeffery,1
Shelbychester,1
